Altium Designer Pick and Place Locations
D:\Work\Upwork\Adeel janjua\PCB review\SENSORMOD-Parts2A\Project Outputs for Watch_R01\Pick Place for SENSORMOD-Parts2A-R0.csv

========================================================================================================================
File Design Information:

Date:       11.03.25
Time:       11:54
Revision:   Not in VersionControl
Variant:    No variations
Units used: mil

"Designator","Layer","Footprint","Center-X(mil)","Center-Y(mil)","Rotation"
"C5","TopLayer","CAPC1005X04L","289.000","101.000","360"
"C6","TopLayer","CAPC0603X03L_C","307.000","37.000","90"
"R1","TopLayer","RESC0603X03L_C","277.000","756.000","360"
"U3","TopLayer","icc_qfn024e050s04hs270270h080_t","133.228","187.528","90"
"U1","TopLayer","DQN0004A-MFG","262.000","54.702","360"
"U6","TopLayer","IC_M24128-BFMH6TG","277.000","807.000","270"
"C1","TopLayer","CAP_CL05B104KA5NNNC_SAM-L","276.000","868.000","360"
"U2","TopLayer","IC_BME688","130.701","816.000","90"
"R6","TopLayer","RESC0603X03L_C","209.000","726.000","360"
"R4","TopLayer","RESC0603X03L_C","53.000","719.731","180"
"C14","TopLayer","CAPC0603X03L_C","197.000","675.000","270"
"C42","TopLayer","CAPC1005X04L","270.000","245.000","180"
"R11","TopLayer","RESC0603X03L_C","209.000","638.000","180"
"C2","TopLayer","capc_160810_t","180.000","51.000","360"
"U14","TopLayer","RSE10","123.000","675.000","270"
"U5","TopLayer","XDCR_ICM-42670-P","166.000","405.000","180"
"U4","TopLayer","LGA9_BMP585_BOS","170.000","541.000","180"
"R13","TopLayer","RESC0603X03L_C","154.000","336.000","180"
"R12","TopLayer","RESC0603X03L_C","199.000","336.000","360"
"C17","TopLayer","CAPC1005X04L","78.000","46.000","360"
"C41","TopLayer","CAPC0603X03L_C","92.000","77.000","360"
"C40","TopLayer","CAPC0603X03L_C","268.000","216.000","180"
"C39","TopLayer","CAPC0603X03L_C","256.000","272.000","180"
"C38","TopLayer","CAPC1005X04L","270.000","300.000","180"
"C37","TopLayer","CAP_CL05B104KA5NNNC_SAM-L","60.000","449.996","360"
"C36","TopLayer","CAP_CL05B104KA5NNNC_SAM-L","60.000","364.996","360"
"C35","TopLayer","CAP_CL05B104KA5NNNC_SAM-L","44.724","782.741","270"
"C34","TopLayer","CAP_CL05B104KA5NNNC_SAM-L","44.724","845.996","270"
"C4","TopLayer","CAP_CL05B104KA5NNNC_SAM-L","60.000","497.996","360"
"C3","TopLayer","CAP_CL05B104KA5NNNC_SAM-L","60.000","593.996","360"
