Altium Designer Pick and Place Locations
C:\Users\10272138\Documents\Personal\Bus\MOD\SENSORMOD-Parts2Interposser-Long\Project Outputs for Watch_R01\Pick Place\Pick Place for SENSORMOD-Parts2InterposerLong.csv

========================================================================================================================
File Design Information:

Date:       23/06/25
Time:       13:53
Revision:   Not in VersionControl
Variant:    No variations
Units used: mil

"Designator","Comment","Layer","Footprint","Center-X(mil)","Center-Y(mil)","Rotation","Description"
"U5","TPS7A2033PDBVR","TopLayer","DBV0005A-IPC_A","4992.000","4594.000","360","No Description Available"
"R17","RC0402FR-070RL","TopLayer","CAPC1005X60","5319.000","3615.000","360","0 Ohms Jumper 0.063W, 1/16W Chip Resistor 0402 (1005 Metric) Moisture Resistant Thick Film"
"R14","RC0402FR-070RL","TopLayer","CAPC1005X60","5319.000","3666.000","360","0 Ohms Jumper 0.063W, 1/16W Chip Resistor 0402 (1005 Metric) Moisture Resistant Thick Film"
"R13","RC0402FR-07330RL","TopLayer","resc_100505_t","5432.000","3866.000","90","RES,THCKF,330ohm,0.1W,1%,0402,2"
"C26","GRM31CR71A226KE15L","TopLayer","CAPC3216X180N","5154.000","4563.000","90","SMD capacitor X7R(EIA) with capacitance 22uF Tol.10%. Rated voltage 10Vdc 125C"
"C25","CL05B104KA5NNNC","TopLayer","CAP_CL05B104KA5NNNC_SAM-L","4840.000","4616.000","90","0.1uF 0402 X7R 25V +/-10"
"C24","CL05B104KA5NNNC","TopLayer","CAP_CL05B104KA5NNNC_SAM-L","5404.000","3319.000","90","0.1uF 0402 X7R 25V +/-10"
"TP2","5002","TopLayer","KEYSTONE_5002","5168.000","3050.000","180","Test Point Miniature THM H .300 Nylon 46 Insulated White PhosBronze/Silver"
"TP1","5002","TopLayer","KEYSTONE_5002","5333.000","3050.000","180","Test Point Miniature THM H .300 Nylon 46 Insulated White PhosBronze/Silver"
"C22","GRM155R71H221KA01D","TopLayer","CAPC1005X55N","4250.000","2708.000","360","0402 50 V 220 pF ±10% X7R Surface Mount Multilayer Ceramic Chip Capacitor"
"C23","CL05B104KA5NNNC","TopLayer","CAP_CL05B104KA5NNNC_SAM-L","4118.000","2811.000","90","0.1uF 0402 X7R 25V +/-10"
"Q2","DTC143ZETL","TopLayer","TRANS_DTBETL_ROM","4817.000","2312.000","270","DTC143ZETL Transistor"
"Q1","DTC143ZETL","TopLayer","TRANS_DTBETL_ROM","4979.000","3016.000","270","DTC143ZETL Transistor"
"J10","10118192-0002LF","TopLayer","AMPHENOL_10118192-0002LF","4662.000","2144.343","360","Micro USB 2.0, Input Output Connectors, B TYPE RECEPTACLE without flange"
"J7","U.FL-R-SMT(10)","TopLayer","HRS_U.FL-R-SMT(10)","5487.972","2772.000","360","U.FL (UMCC) Connector Receptacle, Male Pin 50Ohm Surface Mount Solder"
"J6","SF53S006VCBR2000","TopLayer","CONN_SF53S006VCBR2000_JAE","3464.795","2862.000","270","MICRO SIM CARD R/A SMD"
"U4","TPS22917DBVR","TopLayer","SOT95P280X145-6N","4217.000","2790.000","360","5.5-V, 2-A, 80-mΩ , 10-nA leakage load switch adj. rise time and adj output discharge"
"R16","RC0402FR-070RL","TopLayer","CAPC1005X60","4675.000","2325.000","270","0 Ohms Jumper 0.063W, 1/16W Chip Resistor 0402 (1005 Metric) Moisture Resistant Thick Film"
"R15","RC0402FR-070RL","TopLayer","CAPC1005X60","4620.000","2325.000","270","0 Ohms Jumper 0.063W, 1/16W Chip Resistor 0402 (1005 Metric) Moisture Resistant Thick Film"
"R12","","TopLayer","MURA-BLM15-CHIP-2_V","5216.000","2771.000","360","0 ohm"
"R11","RC0402FR-0722RL","TopLayer","CAPC1005X60","4754.000","3017.000","90","22 Ohms Jumper 0.063W, 1/16W Chip Resistor 0402 (1005 Metric) Moisture Resistant Thick Film"
"R10","RC0402FR-0722RL","TopLayer","CAPC1005X60","4878.000","3017.000","90","22 Ohms Jumper 0.063W, 1/16W Chip Resistor 0402 (1005 Metric) Moisture Resistant Thick Film"
"R9","RC0402FR-0722RL","TopLayer","CAPC1005X60","4815.000","3017.000","90","22 Ohms Jumper 0.063W, 1/16W Chip Resistor 0402 (1005 Metric) Moisture Resistant Thick Film"
"R8","RC0402FR-074K7L","TopLayer","RESC1005X40","4686.000","3017.000","270","4.7 kOhms ±1% 0.063W, 1/16W Chip Resistor 0402 _1005 Metric_ Moisture Resistant Thick Film"
"J9","Header 3","TopLayer","HDR1X3","4150.000","2600.000","180","Header, 3-Pin"
"J8","Header 3","TopLayer","HDR1X3","4150.000","2425.000","180","Header, 3-Pin"
"C21","CC0402JRNPO9BN101","TopLayer","CAPC1005X55N","5140.000","2466.000","90","100 pF ±5% 50V Ceramic Capacitor C0G, NP0 0402 (1005 Metric)"
"C20","CC0402JRNPO9BN101","TopLayer","CAPC1005X55N","4492.000","2458.000","90","100 pF ±5% 50V Ceramic Capacitor C0G, NP0 0402 (1005 Metric)"
"C19","CC0402JRNPO9BN101","TopLayer","CAPC1005X55N","4492.000","2552.000","90","100 pF ±5% 50V Ceramic Capacitor C0G, NP0 0402 (1005 Metric)"
"C18","CC0402JRNPO9BN101","TopLayer","CAPC1005X55N","5135.000","2932.000","90","100 pF ±5% 50V Ceramic Capacitor C0G, NP0 0402 (1005 Metric)"
"C17","CL05B104KA5NNNC","TopLayer","CAP_CL05B104KA5NNNC_SAM-L","4554.000","2268.000","360","0.1uF 0402 X7R 25V +/-10"
"C16","GRM31CR71A226KE15L","TopLayer","CAPC3216X180N","4378.000","2963.992","270","SMD capacitor X7R(EIA) with capacitance 22uF Tol.10%. Rated voltage 10Vdc 125C"
"C15","CC0402JRNPO9BN101","TopLayer","CAPC1005X55N","4492.000","2960.000","270","100 pF ±5% 50V Ceramic Capacitor C0G, NP0 0402 (1005 Metric)"
"C14","GRM31CR71A226KE15L","TopLayer","CAPC3216X180N","4378.000","2773.000","90","SMD capacitor X7R(EIA) with capacitance 22uF Tol.10%. Rated voltage 10Vdc 125C"
"C13","CC0402JRNPO9BN101","TopLayer","CAPC1005X55N","4492.000","2760.000","90","100 pF ±5% 50V Ceramic Capacitor C0G, NP0 0402 (1005 Metric)"
"C12","CC0402JRNPO9BN101","TopLayer","CAPC1005X55N","4439.000","2839.000","270","100 pF ±5% 50V Ceramic Capacitor C0G, NP0 0402 (1005 Metric)"
"C11","CC0402JRNPO9BN101","TopLayer","CAPC1005X55N","4598.000","2954.000","360","100 pF ±5% 50V Ceramic Capacitor C0G, NP0 0402 (1005 Metric)"
"C10","CC0402JRNPO9BN101","TopLayer","CAPC1005X55N","4492.000","2838.000","270","100 pF ±5% 50V Ceramic Capacitor C0G, NP0 0402 (1005 Metric)"
"C9","CL05B104KA5NNNC","TopLayer","CAP_CL05B104KA5NNNC_SAM-L","5290.000","2757.000","90",""
"C8","CL05B104KA5NNNC","TopLayer","CAP_CL05B104KA5NNNC_SAM-L","5140.000","2756.000","90",""
"C7","CC0402JRNPO9BN101","TopLayer","CAPC1005X55N","4671.000","2954.000","360","100 pF ±5% 50V Ceramic Capacitor C0G, NP0 0402 (1005 Metric)"
"U3","ME310G1-W1","TopLayer","XCVR_ME310G1-W1","4807.000","2656.000","270","LTE-M NB-IoT module Global variant"
"J5","522712079","TopLayer","CON_522712079_MOL","5580.181","3476.000","90","20 Pin FFC Connector"
"M2","PLI00002","TopLayer","Wireless_N1","4475.883","3684.016","360","Wireless N1"
"M1","PLI00001","TopLayer","PLI00001","3860.657","3680.000","360","AI Sensor A1"
"R7","RC0402FR-070RL","TopLayer","resc_100505_t","3592.000","3754.000","180","RES,THCKF,0ohm,0.1W,1%,0402,2"
"SW1","TL4110AF160Q","TopLayer","SW_TL4110AF160Q","4173.000","4727.224","180","Push Button Switch"
"EP11","PADSMT-12.7mmx12.7mm","TopLayer","ExternalPinSMT-SQ-0050","4451.000","4014.000","270","Pin to external use 0.05" x 0.05" square SMT"
"EP34","PADSMT-12.7mmx12.7mm","TopLayer","ExternalPinSMT-SQ-0050","4351.000","4014.000","270","Pin to external use 0.05" x 0.05" square SMT"
"C5","CL05B104KA5NNNC","TopLayer","CAP_CL05B104KA5NNNC_SAM-L","4332.000","4508.000","360","0.1uF 0402 X7R 25V +/-10"
"EP27","PADSMT-12.7mmx12.7mm","TopLayer","ExternalPinSMT-SQ-0050","3706.000","3854.000","360","Pin to external use 0.05" x 0.05" square SMT"
"EP28","PADSMT-12.7mmx12.7mm","TopLayer","ExternalPinSMT-SQ-0050","3706.000","3754.000","360","Pin to external use 0.05" x 0.05" square SMT"
"EP29","PADSMT-12.7mmx12.7mm","TopLayer","ExternalPinSMT-SQ-0050","3706.000","3654.000","360","Pin to external use 0.05" x 0.05" square SMT"
"EP30","PADSMT-12.7mmx12.7mm","TopLayer","ExternalPinSMT-SQ-0050","3706.000","3554.000","360","Pin to external use 0.05" x 0.05" square SMT"
"EP31","PADSMT-12.7mmx12.7mm","TopLayer","ExternalPinSMT-SQ-0050","3706.000","3454.000","360","Pin to external use 0.05" x 0.05" square SMT"
"EP32","PADSMT-12.7mmx12.7mm","TopLayer","ExternalPinSMT-SQ-0050","3705.749","3354.269","360","Pin to external use 0.05" x 0.05" square SMT"
"EP36","PADSMT-12.7mmx12.7mm","TopLayer","ExternalPinSMT-SQ-0050","4451.000","3354.000","270","Pin to external use 0.05" x 0.05" square SMT"
"J2","S2B-PH-K-S(LF)(SN)","BottomLayer","JST_S2B-PH-K-S(LF)(SN)","4323.000","4565.000","180","Connector Header Through Hole, Right Angle 2 position"
"U2","M24128-BFMC6TG","TopLayer","UFDFPN8_M24128_STM","3201.690","3344.465","360","M24128-BFMC6TG 128Kbit I2C EEPROM"
"U1","IRLML6344TRPBF","TopLayer","SOT95P240X112-3N","4602.102","4583.000","90","N-Channel 30V 5A _Ta_ 1.3W _Ta_ Surface Mount Micro3™/SOT-23"
"J1","1054500101","TopLayer","FP-1054500101-MFG","3201.843","4110.000","270","CONN RCP USB3.1 TYPEC 24P SMD RA"
"EP1","PADSMT-12.7mmx12.7mm","TopLayer","ExternalPinSMT-SQ-0050","4901.000","4114.000","270","Pin to external use 0.05" x 0.05" square SMT"
"EP2","PADSMT-12.7mmx12.7mm","TopLayer","ExternalPinSMT-SQ-0050","4801.000","4114.000","270","Pin to external use 0.05" x 0.05" square SMT"
"EP3","PADSMT-12.7mmx12.7mm","TopLayer","ExternalPinSMT-SQ-0050","4701.000","4114.000","270","Pin to external use 0.05" x 0.05" square SMT"
"EP4","PADSMT-12.7mmx12.7mm","TopLayer","ExternalPinSMT-SQ-0050","4601.000","4114.000","270","Pin to external use 0.05" x 0.05" square SMT"
"EP5","PADSMT-12.7mmx12.7mm","TopLayer","ExternalPinSMT-SQ-0050","4501.000","4114.000","270","Pin to external use 0.05" x 0.05" square SMT"
"EP6","PADSMT-12.7mmx12.7mm","TopLayer","ExternalPinSMT-SQ-0050","4401.000","4114.000","270","Pin to external use 0.05" x 0.05" square SMT"
"EP7","PADSMT-12.7mmx12.7mm","TopLayer","ExternalPinSMT-SQ-0050","4201.000","4114.000","270","Pin to external use 0.05" x 0.05" square SMT"
"EP8","PADSMT-12.7mmx12.7mm","TopLayer","ExternalPinSMT-SQ-0050","4116.000","3479.000","270","Pin to external use 0.05" x 0.05" square SMT"
"EP9","PADSMT-12.7mmx12.7mm","TopLayer","ExternalPinSMT-SQ-0050","4116.000","3579.000","270","Pin to external use 0.05" x 0.05" square SMT"
"EP10","PADSMT-12.7mmx12.7mm","TopLayer","ExternalPinSMT-SQ-0050","4116.000","3379.000","270","Pin to external use 0.05" x 0.05" square SMT"
"EP12","PADSMT-12.7mmx12.7mm","TopLayer","ExternalPinSMT-SQ-0050","4301.000","4114.000","270","Pin to external use 0.05" x 0.05" square SMT"
"EP13","PADSMT-12.7mmx12.7mm","TopLayer","ExternalPinSMT-SQ-0050","4116.000","4079.000","270","Pin to external use 0.05" x 0.05" square SMT"
"EP14","PADSMT-12.7mmx12.7mm","TopLayer","ExternalPinSMT-SQ-0050","4116.000","3979.000","270","Pin to external use 0.05" x 0.05" square SMT"
"EP15","PADSMT-12.7mmx12.7mm","TopLayer","ExternalPinSMT-SQ-0050","4116.000","3879.000","270","Pin to external use 0.05" x 0.05" square SMT"
"EP16","PADSMT-12.7mmx12.7mm","TopLayer","ExternalPinSMT-SQ-0050","4119.000","3779.000","270","Pin to external use 0.05" x 0.05" square SMT"
"EP17","PADSMT-12.7mmx12.7mm","TopLayer","ExternalPinSMT-SQ-0050","4116.000","3679.000","270","Pin to external use 0.05" x 0.05" square SMT"
"EP18","PADSMT-12.7mmx12.7mm","TopLayer","ExternalPinSMT-SQ-0050","4116.000","3279.000","270","Pin to external use 0.05" x 0.05" square SMT"
"EP19","PADSMT-12.7mmx12.7mm","TopLayer","ExternalPinSMT-SQ-0050","4201.000","3254.000","270","Pin to external use 0.05" x 0.05" square SMT"
"EP20","PADSMT-12.7mmx12.7mm","TopLayer","ExternalPinSMT-SQ-0050","4301.000","3254.000","270","Pin to external use 0.05" x 0.05" square SMT"
"EP21","PADSMT-12.7mmx12.7mm","TopLayer","ExternalPinSMT-SQ-0050","4401.000","3254.000","270","Pin to external use 0.05" x 0.05" square SMT"
"EP22","PADSMT-12.7mmx12.7mm","TopLayer","ExternalPinSMT-SQ-0050","4501.000","3254.000","270","Pin to external use 0.05" x 0.05" square SMT"
"EP23","PADSMT-12.7mmx12.7mm","TopLayer","ExternalPinSMT-SQ-0050","4601.000","3254.000","270","Pin to external use 0.05" x 0.05" square SMT"
"EP24","PADSMT-12.7mmx12.7mm","TopLayer","ExternalPinSMT-SQ-0050","4701.000","3254.000","270","Pin to external use 0.05" x 0.05" square SMT"
"EP25","PADSMT-12.7mmx12.7mm","TopLayer","ExternalPinSMT-SQ-0050","4801.000","3254.000","270","Pin to external use 0.05" x 0.05" square SMT"
"EP26","PADSMT-12.7mmx12.7mm","TopLayer","ExternalPinSMT-SQ-0050","4901.000","3254.000","270","Pin to external use 0.05" x 0.05" square SMT"
"R6","RC0402FR-0710KL","TopLayer","RC0402N_YAG-L","3281.000","3355.000","270","10K 0402 1%"
"R5","RC0402FR-0710KL","TopLayer","RC0402N_YAG-L","3282.000","3290.000","90","10K 0402 1%"
"R4","RC0402FR-0710KL","TopLayer","RC0402N_YAG-L","4582.000","4477.000","0","10K 0402 1%"
"R3","RC0402FR-075K1L","TopLayer","RC0402N_YAG","3410.000","4171.000","90","5.1K 0402 resistor"
"R2","RC0402FR-075K1L","TopLayer","RC0402N_YAG","3409.000","4062.000","270","5.1K 0402 resistor"
"R1","RC0402FR-07330RL","TopLayer","resc_100505_t","4542.000","4671.000","270","RES,THCKF,330ohm,0.1W,1%,0402,2"
"MIC1","MMICT5837-00-012","TopLayer","T5837_IVS","3210.646","3562.972","180","No Description Available"
"L2","BLM15AG102SN1D","TopLayer","MURA-BLM15-CHIP-2_V","3408.000","3975.000","90","Chip Ferrite Bead for General Use, 1000 Ohm, 300 mA, -55 to 125 degC, 1 x 0.5 x 0.55 mm SMD, Tape and Reel"
"L1","BLM15AG102SN1D","TopLayer","MURA-BLM15-CHIP-2_V","3421.000","3543.000","90","Chip Ferrite Bead for General Use, 1000 Ohm, 300 mA, -55 to 125 degC, 1 x 0.5 x 0.55 mm SMD, Tape and Reel"
"J4","Header 3","TopLayer","HDR1X3","3272.000","3763.000","180","Header, 3-Pin"
"J3","FTSH-105-01-F-DV-K","TopLayer","SAMTEC_FTSH-105-XX-X-DV","5340.000","4189.260","90","Connector Header Surface Mount 10 position 0.050" (1.27mm) Shrould"
"D1","HSMG-C190","TopLayer","ledc_160809_t","4571.351","4744.000","0","OPT,LED,HSMG-C190,GREEN,0603,2"
"C6","CL05B104KA5NNNC","TopLayer","CAP_CL05B104KA5NNNC_SAM-L","3203.000","3410.000","360","0.1uF 0402 X7R 25V +/-10"
"C4","1.0�F","TopLayer","CAPC1608X06L","3368.416","3556.584","270","1uF 0603 Capacitor, X7R, �10%"
"C3","CL05B104KA5NNNC","TopLayer","CAP_CL05B104KA5NNNC_SAM-L","3324.000","3542.000","270","0.1uF 0402 X7R 25V +/-10"
"C2","CL05A475MP5NRNC","TopLayer","CAP_CL05_SAM-L","3445.000","4251.000","270","4.7uF 0402 10V X5R +/-20"
"C1","CL05B104KA5NNNC","TopLayer","CAP_CL05B104KA5NNNC_SAM-L","3411.000","4251.000","270","0.1uF 0402 X7R 25V +/-10"
