Designator,Center-X(mil),Center-Y(mil),Layer,Rotation
C5,289,101,TopLayer,360
C6,307,37,TopLayer,90
R1,277,756,TopLayer,360
U3,133.228,187.528,TopLayer,90
U1,262,54.702,TopLayer,360
U6,277,807,TopLayer,270
C1,276,868,TopLayer,360
U2,130.701,816,TopLayer,90
R6,209,726,TopLayer,360
R4,53,719.731,TopLayer,180
C14,197,675,TopLayer,270
C42,270,245,TopLayer,180
R11,209,638,TopLayer,180
C2,180,51,TopLayer,360
U14,123,675,TopLayer,270
U5,166,405,TopLayer,180
U4,170,541,TopLayer,180
R13,154,336,TopLayer,180
R12,199,336,TopLayer,360
C17,78,46,TopLayer,360
C41,92,77,TopLayer,360
C40,268,216,TopLayer,180
C39,256,272,TopLayer,180
C38,270,300,TopLayer,180
C37,60,449.996,TopLayer,360
C36,60,364.996,TopLayer,360
C35,44.724,782.741,TopLayer,270
C34,44.724,845.996,TopLayer,270
C4,60,497.996,TopLayer,360
C3,60,593.996,TopLayer,360
